trace	state	block	B	Delta_prep	P	R	theta	|B|
0	0	0	-1	0.9	1.0	-1.0	1	1B
1	1	0	-1	1.5	1.0	-1.0	1	1B
2	2	0	-1	-1.5	1.0	-1.0	1	1B
3	3	0	-1	0.3	1.0	-1.0	1	1B
4	4	0	-1	-0.9	1.0	-1.0	1	1B
5	5	0	-1	-0.3	1.0	-1.0	1	1B
6	6	0	-1	-1.5	1.0	-1.0	-1	1B
7	7	0	-1	0.9	1.0	-1.0	-1	1B
8	8	0	-1	-0.3	1.0	-1.0	-1	1B
9	9	0	-1	1.5	1.0	-1.0	-1	1B
10	10	0	-1	-0.9	1.0	-1.0	-1	1B
11	11	0	-1	0.3	1.0	-1.0	-1	1B
12	12	0	-1	-0.9	1.0	-1.0	1	1B
13	13	0	-1	-1.5	1.0	-1.0	1	1B
14	14	0	-1	0.3	1.0	-1.0	1	1B
15	15	0	-1	-0.3	1.0	-1.0	1	1B
16	16	0	-1	0.9	1.0	-1.0	1	1B
17	17	0	-1	1.5	1.0	-1.0	1	1B
18	18	0	-1	1.5	1.0	-1.0	-1	1B
19	19	0	-1	0.3	1.0	-1.0	-1	1B
20	20	0	-1	0.9	1.0	-1.0	-1	1B
21	21	0	-1	-0.9	1.0	-1.0	-1	1B
22	22	0	-1	-1.5	1.0	-1.0	-1	1B
23	23	0	-1	-0.3	1.0	-1.0	-1	1B
24	24	0	1	1.5	1.0	-1.0	-1	1B
25	25	0	1	-1.5	1.0	-1.0	-1	1B
26	26	0	1	0.3	1.0	-1.0	-1	1B
27	27	0	1	0.9	1.0	-1.0	-1	1B
28	28	0	1	-0.3	1.0	-1.0	-1	1B
29	29	0	1	-0.9	1.0	-1.0	-1	1B
30	30	0	1	1.5	1.0	-1.0	1	1B
31	31	0	1	-1.5	1.0	-1.0	1	1B
32	32	0	1	-0.3	1.0	-1.0	1	1B
33	33	0	1	0.9	1.0	-1.0	1	1B
34	34	0	1	0.3	1.0	-1.0	1	1B
35	35	0	1	-0.9	1.0	-1.0	1	1B
36	36	0	1	1.5	1.0	-1.0	-1	1B
37	37	0	1	0.9	1.0	-1.0	-1	1B
38	38	0	1	-0.3	1.0	-1.0	-1	1B
39	39	0	1	-0.9	1.0	-1.0	-1	1B
40	40	0	1	-1.5	1.0	-1.0	-1	1B
41	41	0	1	0.3	1.0	-1.0	-1	1B
42	42	0	1	-0.3	1.0	-1.0	1	1B
43	43	0	1	0.3	1.0	-1.0	1	1B
44	44	0	1	-0.9	1.0	-1.0	1	1B
45	45	0	1	0.9	1.0	-1.0	1	1B
46	46	0	1	-1.5	1.0	-1.0	1	1B
47	47	0	1	1.5	1.0	-1.0	1	1B
48	0	1	1	-0.3	-1.0	1.0	1	1B
49	1	1	1	0.3	-1.0	1.0	1	1B
50	2	1	1	0.9	-1.0	1.0	1	1B
51	3	1	1	1.5	-1.0	1.0	1	1B
52	4	1	1	-1.5	-1.0	1.0	1	1B
53	5	1	1	-0.9	-1.0	1.0	1	1B
54	6	1	1	0.9	-1.0	1.0	-1	1B
55	7	1	1	-0.9	-1.0	1.0	-1	1B
56	8	1	1	0.3	-1.0	1.0	-1	1B
57	9	1	1	-1.5	-1.0	1.0	-1	1B
58	10	1	1	1.5	-1.0	1.0	-1	1B
59	11	1	1	-0.3	-1.0	1.0	-1	1B
60	12	1	1	-1.5	-1.0	1.0	-1	1B
61	13	1	1	-0.3	-1.0	1.0	-1	1B
62	14	1	1	0.3	-1.0	1.0	-1	1B
63	15	1	1	0.9	-1.0	1.0	-1	1B
64	16	1	1	1.5	-1.0	1.0	-1	1B
65	17	1	1	-0.9	-1.0	1.0	-1	1B
66	18	1	1	1.5	-1.0	1.0	1	1B
67	19	1	1	0.3	-1.0	1.0	1	1B
68	20	1	1	-0.9	-1.0	1.0	1	1B
69	21	1	1	0.9	-1.0	1.0	1	1B
70	22	1	1	-1.5	-1.0	1.0	1	1B
71	23	1	1	-0.3	-1.0	1.0	1	1B
72	24	1	-1	0.9	-1.0	1.0	-1	1B
73	25	1	-1	-1.5	-1.0	1.0	-1	1B
74	26	1	-1	1.5	-1.0	1.0	-1	1B
75	27	1	-1	0.3	-1.0	1.0	-1	1B
76	28	1	-1	-0.9	-1.0	1.0	-1	1B
77	29	1	-1	-0.3	-1.0	1.0	-1	1B
78	30	1	-1	0.3	-1.0	1.0	-1	1B
79	31	1	-1	0.9	-1.0	1.0	-1	1B
80	32	1	-1	-1.5	-1.0	1.0	-1	1B
81	33	1	-1	1.5	-1.0	1.0	-1	1B
82	34	1	-1	-0.3	-1.0	1.0	-1	1B
83	35	1	-1	-0.9	-1.0	1.0	-1	1B
84	36	1	-1	1.5	-1.0	1.0	1	1B
85	37	1	-1	-0.9	-1.0	1.0	1	1B
86	38	1	-1	0.3	-1.0	1.0	1	1B
87	39	1	-1	-0.3	-1.0	1.0	1	1B
88	40	1	-1	-1.5	-1.0	1.0	1	1B
89	41	1	-1	0.9	-1.0	1.0	1	1B
90	42	1	-1	0.3	-1.0	1.0	1	1B
91	43	1	-1	-0.3	-1.0	1.0	1	1B
92	44	1	-1	-1.5	-1.0	1.0	1	1B
93	45	1	-1	0.9	-1.0	1.0	1	1B
94	46	1	-1	1.5	-1.0	1.0	1	1B
95	47	1	-1	-0.9	-1.0	1.0	1	1B
96	0	2	-1	0.3	1.0	1.0	-1	1B
97	1	2	-1	-0.9	1.0	1.0	-1	1B
98	2	2	-1	-0.3	1.0	1.0	-1	1B
99	3	2	-1	0.9	1.0	1.0	-1	1B
100	4	2	-1	-1.5	1.0	1.0	-1	1B
101	5	2	-1	1.5	1.0	1.0	-1	1B
102	6	2	-1	1.5	1.0	1.0	-1	1B
103	7	2	-1	0.3	1.0	1.0	-1	1B
104	8	2	-1	0.9	1.0	1.0	-1	1B
105	9	2	-1	-0.3	1.0	1.0	-1	1B
106	10	2	-1	-0.9	1.0	1.0	-1	1B
107	11	2	-1	-1.5	1.0	1.0	-1	1B
108	12	2	-1	0.3	1.0	1.0	1	1B
109	13	2	-1	1.5	1.0	1.0	1	1B
110	14	2	-1	-0.3	1.0	1.0	1	1B
111	15	2	-1	0.9	1.0	1.0	1	1B
112	16	2	-1	-1.5	1.0	1.0	1	1B
113	17	2	-1	-0.9	1.0	1.0	1	1B
114	18	2	-1	-0.3	1.0	1.0	1	1B
115	19	2	-1	0.9	1.0	1.0	1	1B
116	20	2	-1	-1.5	1.0	1.0	1	1B
117	21	2	-1	-0.9	1.0	1.0	1	1B
118	22	2	-1	0.3	1.0	1.0	1	1B
119	23	2	-1	1.5	1.0	1.0	1	1B
120	24	2	1	-1.5	1.0	1.0	1	1B
121	25	2	1	0.3	1.0	1.0	1	1B
122	26	2	1	-0.9	1.0	1.0	1	1B
123	27	2	1	1.5	1.0	1.0	1	1B
124	28	2	1	0.9	1.0	1.0	1	1B
125	29	2	1	-0.3	1.0	1.0	1	1B
126	30	2	1	0.3	1.0	1.0	-1	1B
127	31	2	1	-0.3	1.0	1.0	-1	1B
128	32	2	1	-1.5	1.0	1.0	-1	1B
129	33	2	1	-0.9	1.0	1.0	-1	1B
130	34	2	1	1.5	1.0	1.0	-1	1B
131	35	2	1	0.9	1.0	1.0	-1	1B
132	36	2	1	0.3	1.0	1.0	1	1B
133	37	2	1	0.9	1.0	1.0	1	1B
134	38	2	1	1.5	1.0	1.0	1	1B
135	39	2	1	-0.3	1.0	1.0	1	1B
136	40	2	1	-1.5	1.0	1.0	1	1B
137	41	2	1	-0.9	1.0	1.0	1	1B
138	42	2	1	-0.3	1.0	1.0	-1	1B
139	43	2	1	0.9	1.0	1.0	-1	1B
140	44	2	1	1.5	1.0	1.0	-1	1B
141	45	2	1	0.3	1.0	1.0	-1	1B
142	46	2	1	-1.5	1.0	1.0	-1	1B
143	47	2	1	-0.9	1.0	1.0	-1	1B
144	0	3	1	-0.3	-1.0	-1.0	1	1B
145	1	3	1	0.3	-1.0	-1.0	1	1B
146	2	3	1	-1.5	-1.0	-1.0	1	1B
147	3	3	1	-0.9	-1.0	-1.0	1	1B
148	4	3	1	0.9	-1.0	-1.0	1	1B
149	5	3	1	1.5	-1.0	-1.0	1	1B
150	6	3	1	-0.3	-1.0	-1.0	-1	1B
151	7	3	1	0.3	-1.0	-1.0	-1	1B
152	8	3	1	-1.5	-1.0	-1.0	-1	1B
153	9	3	1	0.9	-1.0	-1.0	-1	1B
154	10	3	1	-0.9	-1.0	-1.0	-1	1B
155	11	3	1	1.5	-1.0	-1.0	-1	1B
156	12	3	1	-1.5	-1.0	-1.0	1	1B
157	13	3	1	0.3	-1.0	-1.0	1	1B
158	14	3	1	-0.3	-1.0	-1.0	1	1B
159	15	3	1	1.5	-1.0	-1.0	1	1B
160	16	3	1	-0.9	-1.0	-1.0	1	1B
161	17	3	1	0.9	-1.0	-1.0	1	1B
162	18	3	1	-0.3	-1.0	-1.0	-1	1B
163	19	3	1	0.9	-1.0	-1.0	-1	1B
164	20	3	1	-1.5	-1.0	-1.0	-1	1B
165	21	3	1	-0.9	-1.0	-1.0	-1	1B
166	22	3	1	0.3	-1.0	-1.0	-1	1B
167	23	3	1	1.5	-1.0	-1.0	-1	1B
168	24	3	-1	-0.3	-1.0	-1.0	-1	1B
169	25	3	-1	-0.9	-1.0	-1.0	-1	1B
170	26	3	-1	0.9	-1.0	-1.0	-1	1B
171	27	3	-1	0.3	-1.0	-1.0	-1	1B
172	28	3	-1	-1.5	-1.0	-1.0	-1	1B
173	29	3	-1	1.5	-1.0	-1.0	-1	1B
174	30	3	-1	-1.5	-1.0	-1.0	-1	1B
175	31	3	-1	0.9	-1.0	-1.0	-1	1B
176	32	3	-1	1.5	-1.0	-1.0	-1	1B
177	33	3	-1	0.3	-1.0	-1.0	-1	1B
178	34	3	-1	-0.3	-1.0	-1.0	-1	1B
179	35	3	-1	-0.9	-1.0	-1.0	-1	1B
180	36	3	-1	-0.9	-1.0	-1.0	1	1B
181	37	3	-1	0.9	-1.0	-1.0	1	1B
182	38	3	-1	0.3	-1.0	-1.0	1	1B
183	39	3	-1	-1.5	-1.0	-1.0	1	1B
184	40	3	-1	1.5	-1.0	-1.0	1	1B
185	41	3	-1	-0.3	-1.0	-1.0	1	1B
186	42	3	-1	0.9	-1.0	-1.0	1	1B
187	43	3	-1	1.5	-1.0	-1.0	1	1B
188	44	3	-1	-0.9	-1.0	-1.0	1	1B
189	45	3	-1	-1.5	-1.0	-1.0	1	1B
190	46	3	-1	0.3	-1.0	-1.0	1	1B
191	47	3	-1	-0.3	-1.0	-1.0	1	1B
192	0	4	-1	-1.5	1.0	1.0	1	2B
193	1	4	-1	0.3	1.0	1.0	1	2B
194	2	4	-1	0.9	1.0	1.0	1	2B
195	3	4	-1	1.5	1.0	1.0	1	2B
196	4	4	-1	-0.9	1.0	1.0	1	2B
197	5	4	-1	-0.3	1.0	1.0	1	2B
198	6	4	-1	0.3	1.0	1.0	1	2B
199	7	4	-1	0.9	1.0	1.0	1	2B
200	8	4	-1	1.5	1.0	1.0	1	2B
201	9	4	-1	-0.9	1.0	1.0	1	2B
202	10	4	-1	-0.3	1.0	1.0	1	2B
203	11	4	-1	-1.5	1.0	1.0	1	2B
204	12	4	-1	-0.3	1.0	1.0	-1	2B
205	13	4	-1	1.5	1.0	1.0	-1	2B
206	14	4	-1	0.9	1.0	1.0	-1	2B
207	15	4	-1	-0.9	1.0	1.0	-1	2B
208	16	4	-1	-1.5	1.0	1.0	-1	2B
209	17	4	-1	0.3	1.0	1.0	-1	2B
210	18	4	-1	-0.3	1.0	1.0	-1	2B
211	19	4	-1	-0.9	1.0	1.0	-1	2B
212	20	4	-1	0.9	1.0	1.0	-1	2B
213	21	4	-1	0.3	1.0	1.0	-1	2B
214	22	4	-1	-1.5	1.0	1.0	-1	2B
215	23	4	-1	1.5	1.0	1.0	-1	2B
216	24	4	1	-0.9	1.0	1.0	-1	2B
217	25	4	1	-1.5	1.0	1.0	-1	2B
218	26	4	1	1.5	1.0	1.0	-1	2B
219	27	4	1	0.9	1.0	1.0	-1	2B
220	28	4	1	-0.3	1.0	1.0	-1	2B
221	29	4	1	0.3	1.0	1.0	-1	2B
222	30	4	1	1.5	1.0	1.0	-1	2B
223	31	4	1	0.9	1.0	1.0	-1	2B
224	32	4	1	-0.9	1.0	1.0	-1	2B
225	33	4	1	-0.3	1.0	1.0	-1	2B
226	34	4	1	0.3	1.0	1.0	-1	2B
227	35	4	1	-1.5	1.0	1.0	-1	2B
228	36	4	1	-0.9	1.0	1.0	1	2B
229	37	4	1	0.3	1.0	1.0	1	2B
230	38	4	1	-0.3	1.0	1.0	1	2B
231	39	4	1	-1.5	1.0	1.0	1	2B
232	40	4	1	1.5	1.0	1.0	1	2B
233	41	4	1	0.9	1.0	1.0	1	2B
234	42	4	1	0.9	1.0	1.0	1	2B
235	43	4	1	0.3	1.0	1.0	1	2B
236	44	4	1	-0.9	1.0	1.0	1	2B
237	45	4	1	-1.5	1.0	1.0	1	2B
238	46	4	1	-0.3	1.0	1.0	1	2B
239	47	4	1	1.5	1.0	1.0	1	2B
240	0	5	1	0.3	1.0	-1.0	1	2B
241	1	5	1	-0.9	1.0	-1.0	1	2B
242	2	5	1	-1.5	1.0	-1.0	1	2B
243	3	5	1	-0.3	1.0	-1.0	1	2B
244	4	5	1	1.5	1.0	-1.0	1	2B
245	5	5	1	0.9	1.0	-1.0	1	2B
246	6	5	1	-0.3	1.0	-1.0	1	2B
247	7	5	1	0.3	1.0	-1.0	1	2B
248	8	5	1	-1.5	1.0	-1.0	1	2B
249	9	5	1	1.5	1.0	-1.0	1	2B
250	10	5	1	0.9	1.0	-1.0	1	2B
251	11	5	1	-0.9	1.0	-1.0	1	2B
252	12	5	1	1.5	1.0	-1.0	-1	2B
253	13	5	1	-1.5	1.0	-1.0	-1	2B
254	14	5	1	-0.3	1.0	-1.0	-1	2B
255	15	5	1	-0.9	1.0	-1.0	-1	2B
256	16	5	1	0.3	1.0	-1.0	-1	2B
257	17	5	1	0.9	1.0	-1.0	-1	2B
258	18	5	1	1.5	1.0	-1.0	-1	2B
259	19	5	1	-1.5	1.0	-1.0	-1	2B
260	20	5	1	0.3	1.0	-1.0	-1	2B
261	21	5	1	-0.9	1.0	-1.0	-1	2B
262	22	5	1	0.9	1.0	-1.0	-1	2B
263	23	5	1	-0.3	1.0	-1.0	-1	2B
264	24	5	-1	-0.9	1.0	-1.0	1	2B
265	25	5	-1	0.9	1.0	-1.0	1	2B
266	26	5	-1	-1.5	1.0	-1.0	1	2B
267	27	5	-1	0.3	1.0	-1.0	1	2B
268	28	5	-1	1.5	1.0	-1.0	1	2B
269	29	5	-1	-0.3	1.0	-1.0	1	2B
270	30	5	-1	-0.3	1.0	-1.0	-1	2B
271	31	5	-1	0.3	1.0	-1.0	-1	2B
272	32	5	-1	-0.9	1.0	-1.0	-1	2B
273	33	5	-1	-1.5	1.0	-1.0	-1	2B
274	34	5	-1	0.9	1.0	-1.0	-1	2B
275	35	5	-1	1.5	1.0	-1.0	-1	2B
276	36	5	-1	0.9	1.0	-1.0	-1	2B
277	37	5	-1	1.5	1.0	-1.0	-1	2B
278	38	5	-1	-0.9	1.0	-1.0	-1	2B
279	39	5	-1	-1.5	1.0	-1.0	-1	2B
280	40	5	-1	-0.3	1.0	-1.0	-1	2B
281	41	5	-1	0.3	1.0	-1.0	-1	2B
282	42	5	-1	1.5	1.0	-1.0	1	2B
283	43	5	-1	-1.5	1.0	-1.0	1	2B
284	44	5	-1	0.9	1.0	-1.0	1	2B
285	45	5	-1	0.3	1.0	-1.0	1	2B
286	46	5	-1	-0.9	1.0	-1.0	1	2B
287	47	5	-1	-0.3	1.0	-1.0	1	2B
288	0	6	-1	0.9	-1.0	-1.0	1	2B
289	1	6	-1	-0.9	-1.0	-1.0	1	2B
290	2	6	-1	1.5	-1.0	-1.0	1	2B
291	3	6	-1	-0.3	-1.0	-1.0	1	2B
292	4	6	-1	-1.5	-1.0	-1.0	1	2B
293	5	6	-1	0.3	-1.0	-1.0	1	2B
294	6	6	-1	-1.5	-1.0	-1.0	1	2B
295	7	6	-1	0.3	-1.0	-1.0	1	2B
296	8	6	-1	-0.3	-1.0	-1.0	1	2B
297	9	6	-1	-0.9	-1.0	-1.0	1	2B
298	10	6	-1	0.9	-1.0	-1.0	1	2B
299	11	6	-1	1.5	-1.0	-1.0	1	2B
300	12	6	-1	0.9	-1.0	-1.0	-1	2B
301	13	6	-1	-0.9	-1.0	-1.0	-1	2B
302	14	6	-1	1.5	-1.0	-1.0	-1	2B
303	15	6	-1	-0.3	-1.0	-1.0	-1	2B
304	16	6	-1	-1.5	-1.0	-1.0	-1	2B
305	17	6	-1	0.3	-1.0	-1.0	-1	2B
306	18	6	-1	-1.5	-1.0	-1.0	-1	2B
307	19	6	-1	-0.9	-1.0	-1.0	-1	2B
308	20	6	-1	0.3	-1.0	-1.0	-1	2B
309	21	6	-1	0.9	-1.0	-1.0	-1	2B
310	22	6	-1	1.5	-1.0	-1.0	-1	2B
311	23	6	-1	-0.3	-1.0	-1.0	-1	2B
312	24	6	1	0.3	-1.0	-1.0	1	2B
313	25	6	1	-1.5	-1.0	-1.0	1	2B
314	26	6	1	-0.3	-1.0	-1.0	1	2B
315	27	6	1	-0.9	-1.0	-1.0	1	2B
316	28	6	1	0.9	-1.0	-1.0	1	2B
317	29	6	1	1.5	-1.0	-1.0	1	2B
318	30	6	1	-0.3	-1.0	-1.0	-1	2B
319	31	6	1	-1.5	-1.0	-1.0	-1	2B
320	32	6	1	0.3	-1.0	-1.0	-1	2B
321	33	6	1	-0.9	-1.0	-1.0	-1	2B
322	34	6	1	0.9	-1.0	-1.0	-1	2B
323	35	6	1	1.5	-1.0	-1.0	-1	2B
324	36	6	1	-1.5	-1.0	-1.0	1	2B
325	37	6	1	-0.9	-1.0	-1.0	1	2B
326	38	6	1	-0.3	-1.0	-1.0	1	2B
327	39	6	1	0.3	-1.0	-1.0	1	2B
328	40	6	1	1.5	-1.0	-1.0	1	2B
329	41	6	1	0.9	-1.0	-1.0	1	2B
330	42	6	1	0.9	-1.0	-1.0	-1	2B
331	43	6	1	-1.5	-1.0	-1.0	-1	2B
332	44	6	1	-0.3	-1.0	-1.0	-1	2B
333	45	6	1	0.3	-1.0	-1.0	-1	2B
334	46	6	1	1.5	-1.0	-1.0	-1	2B
335	47	6	1	-0.9	-1.0	-1.0	-1	2B
336	0	7	1	-0.3	-1.0	1.0	1	2B
337	1	7	1	0.9	-1.0	1.0	1	2B
338	2	7	1	1.5	-1.0	1.0	1	2B
339	3	7	1	-0.9	-1.0	1.0	1	2B
340	4	7	1	0.3	-1.0	1.0	1	2B
341	5	7	1	-1.5	-1.0	1.0	1	2B
342	6	7	1	-0.9	-1.0	1.0	-1	2B
343	7	7	1	1.5	-1.0	1.0	-1	2B
344	8	7	1	0.9	-1.0	1.0	-1	2B
345	9	7	1	0.3	-1.0	1.0	-1	2B
346	10	7	1	-1.5	-1.0	1.0	-1	2B
347	11	7	1	-0.3	-1.0	1.0	-1	2B
348	12	7	1	-1.5	-1.0	1.0	1	2B
349	13	7	1	1.5	-1.0	1.0	1	2B
350	14	7	1	-0.9	-1.0	1.0	1	2B
351	15	7	1	0.9	-1.0	1.0	1	2B
352	16	7	1	-0.3	-1.0	1.0	1	2B
353	17	7	1	0.3	-1.0	1.0	1	2B
354	18	7	1	1.5	-1.0	1.0	-1	2B
355	19	7	1	-0.3	-1.0	1.0	-1	2B
356	20	7	1	-1.5	-1.0	1.0	-1	2B
357	21	7	1	0.3	-1.0	1.0	-1	2B
358	22	7	1	0.9	-1.0	1.0	-1	2B
359	23	7	1	-0.9	-1.0	1.0	-1	2B
360	24	7	-1	0.3	-1.0	1.0	1	2B
361	25	7	-1	-0.9	-1.0	1.0	1	2B
362	26	7	-1	-0.3	-1.0	1.0	1	2B
363	27	7	-1	0.9	-1.0	1.0	1	2B
364	28	7	-1	-1.5	-1.0	1.0	1	2B
365	29	7	-1	1.5	-1.0	1.0	1	2B
366	30	7	-1	-0.3	-1.0	1.0	-1	2B
367	31	7	-1	0.9	-1.0	1.0	-1	2B
368	32	7	-1	-0.9	-1.0	1.0	-1	2B
369	33	7	-1	0.3	-1.0	1.0	-1	2B
370	34	7	-1	-1.5	-1.0	1.0	-1	2B
371	35	7	-1	1.5	-1.0	1.0	-1	2B
372	36	7	-1	0.3	-1.0	1.0	-1	2B
373	37	7	-1	1.5	-1.0	1.0	-1	2B
374	38	7	-1	0.9	-1.0	1.0	-1	2B
375	39	7	-1	-0.9	-1.0	1.0	-1	2B
376	40	7	-1	-0.3	-1.0	1.0	-1	2B
377	41	7	-1	-1.5	-1.0	1.0	-1	2B
378	42	7	-1	-0.9	-1.0	1.0	1	2B
379	43	7	-1	-0.3	-1.0	1.0	1	2B
380	44	7	-1	-1.5	-1.0	1.0	1	2B
381	45	7	-1	0.3	-1.0	1.0	1	2B
382	46	7	-1	0.9	-1.0	1.0	1	2B
383	47	7	-1	1.5	-1.0	1.0	1	2B
384	0	8	-1	-1.5	-1.0	-1.0	1	0B
385	1	8	-1	-0.9	-1.0	-1.0	1	0B
386	2	8	-1	0.9	-1.0	-1.0	1	0B
387	3	8	-1	1.5	-1.0	-1.0	1	0B
388	4	8	-1	-0.3	-1.0	-1.0	1	0B
389	5	8	-1	0.3	-1.0	-1.0	1	0B
390	6	8	-1	0.9	-1.0	-1.0	-1	0B
391	7	8	-1	1.5	-1.0	-1.0	-1	0B
392	8	8	-1	-1.5	-1.0	-1.0	-1	0B
393	9	8	-1	0.3	-1.0	-1.0	-1	0B
394	10	8	-1	-0.9	-1.0	-1.0	-1	0B
395	11	8	-1	-0.3	-1.0	-1.0	-1	0B
396	12	8	-1	1.5	-1.0	-1.0	1	0B
397	13	8	-1	0.3	-1.0	-1.0	1	0B
398	14	8	-1	-0.3	-1.0	-1.0	1	0B
399	15	8	-1	-1.5	-1.0	-1.0	1	0B
400	16	8	-1	-0.9	-1.0	-1.0	1	0B
401	17	8	-1	0.9	-1.0	-1.0	1	0B
402	18	8	-1	0.9	-1.0	-1.0	-1	0B
403	19	8	-1	0.3	-1.0	-1.0	-1	0B
404	20	8	-1	-0.9	-1.0	-1.0	-1	0B
405	21	8	-1	-0.3	-1.0	-1.0	-1	0B
406	22	8	-1	1.5	-1.0	-1.0	-1	0B
407	23	8	-1	-1.5	-1.0	-1.0	-1	0B
408	24	8	1	1.5	-1.0	-1.0	-1	0B
409	25	8	1	-0.9	-1.0	-1.0	-1	0B
410	26	8	1	-0.3	-1.0	-1.0	-1	0B
411	27	8	1	0.3	-1.0	-1.0	-1	0B
412	28	8	1	0.9	-1.0	-1.0	-1	0B
413	29	8	1	-1.5	-1.0	-1.0	-1	0B
414	30	8	1	1.5	-1.0	-1.0	1	0B
415	31	8	1	0.9	-1.0	-1.0	1	0B
416	32	8	1	0.3	-1.0	-1.0	1	0B
417	33	8	1	-0.9	-1.0	-1.0	1	0B
418	34	8	1	-1.5	-1.0	-1.0	1	0B
419	35	8	1	-0.3	-1.0	-1.0	1	0B
420	36	8	1	-0.9	-1.0	-1.0	1	0B
421	37	8	1	-0.3	-1.0	-1.0	1	0B
422	38	8	1	0.9	-1.0	-1.0	1	0B
423	39	8	1	1.5	-1.0	-1.0	1	0B
424	40	8	1	0.3	-1.0	-1.0	1	0B
425	41	8	1	-1.5	-1.0	-1.0	1	0B
426	42	8	1	0.3	-1.0	-1.0	-1	0B
427	43	8	1	-1.5	-1.0	-1.0	-1	0B
428	44	8	1	0.9	-1.0	-1.0	-1	0B
429	45	8	1	-0.3	-1.0	-1.0	-1	0B
430	46	8	1	-0.9	-1.0	-1.0	-1	0B
431	47	8	1	1.5	-1.0	-1.0	-1	0B
432	0	9	1	-1.5	-1.0	1.0	1	0B
433	1	9	1	-0.9	-1.0	1.0	1	0B
434	2	9	1	0.3	-1.0	1.0	1	0B
435	3	9	1	1.5	-1.0	1.0	1	0B
436	4	9	1	0.9	-1.0	1.0	1	0B
437	5	9	1	-0.3	-1.0	1.0	1	0B
438	6	9	1	-1.5	-1.0	1.0	-1	0B
439	7	9	1	-0.3	-1.0	1.0	-1	0B
440	8	9	1	0.3	-1.0	1.0	-1	0B
441	9	9	1	-0.9	-1.0	1.0	-1	0B
442	10	9	1	1.5	-1.0	1.0	-1	0B
443	11	9	1	0.9	-1.0	1.0	-1	0B
444	12	9	1	-0.9	-1.0	1.0	-1	0B
445	13	9	1	0.3	-1.0	1.0	-1	0B
446	14	9	1	0.9	-1.0	1.0	-1	0B
447	15	9	1	1.5	-1.0	1.0	-1	0B
448	16	9	1	-0.3	-1.0	1.0	-1	0B
449	17	9	1	-1.5	-1.0	1.0	-1	0B
450	18	9	1	1.5	-1.0	1.0	1	0B
451	19	9	1	0.9	-1.0	1.0	1	0B
452	20	9	1	-0.9	-1.0	1.0	1	0B
453	21	9	1	0.3	-1.0	1.0	1	0B
454	22	9	1	-1.5	-1.0	1.0	1	0B
455	23	9	1	-0.3	-1.0	1.0	1	0B
456	24	9	-1	0.9	-1.0	1.0	-1	0B
457	25	9	-1	1.5	-1.0	1.0	-1	0B
458	26	9	-1	-0.9	-1.0	1.0	-1	0B
459	27	9	-1	-0.3	-1.0	1.0	-1	0B
460	28	9	-1	0.3	-1.0	1.0	-1	0B
461	29	9	-1	-1.5	-1.0	1.0	-1	0B
462	30	9	-1	1.5	-1.0	1.0	-1	0B
463	31	9	-1	0.9	-1.0	1.0	-1	0B
464	32	9	-1	-0.3	-1.0	1.0	-1	0B
465	33	9	-1	-0.9	-1.0	1.0	-1	0B
466	34	9	-1	0.3	-1.0	1.0	-1	0B
467	35	9	-1	-1.5	-1.0	1.0	-1	0B
468	36	9	-1	-1.5	-1.0	1.0	1	0B
469	37	9	-1	-0.9	-1.0	1.0	1	0B
470	38	9	-1	0.3	-1.0	1.0	1	0B
471	39	9	-1	0.9	-1.0	1.0	1	0B
472	40	9	-1	1.5	-1.0	1.0	1	0B
473	41	9	-1	-0.3	-1.0	1.0	1	0B
474	42	9	-1	1.5	-1.0	1.0	1	0B
475	43	9	-1	-0.3	-1.0	1.0	1	0B
476	44	9	-1	-1.5	-1.0	1.0	1	0B
477	45	9	-1	-0.9	-1.0	1.0	1	0B
478	46	9	-1	0.9	-1.0	1.0	1	0B
479	47	9	-1	0.3	-1.0	1.0	1	0B
480	0	10	-1	-0.3	1.0	-1.0	1	0B
481	1	10	-1	0.9	1.0	-1.0	1	0B
482	2	10	-1	0.3	1.0	-1.0	1	0B
483	3	10	-1	1.5	1.0	-1.0	1	0B
484	4	10	-1	-1.5	1.0	-1.0	1	0B
485	5	10	-1	-0.9	1.0	-1.0	1	0B
486	6	10	-1	-1.5	1.0	-1.0	-1	0B
487	7	10	-1	0.9	1.0	-1.0	-1	0B
488	8	10	-1	-0.3	1.0	-1.0	-1	0B
489	9	10	-1	0.3	1.0	-1.0	-1	0B
490	10	10	-1	-0.9	1.0	-1.0	-1	0B
491	11	10	-1	1.5	1.0	-1.0	-1	0B
492	12	10	-1	-0.9	1.0	-1.0	1	0B
493	13	10	-1	-1.5	1.0	-1.0	1	0B
494	14	10	-1	-0.3	1.0	-1.0	1	0B
495	15	10	-1	0.3	1.0	-1.0	1	0B
496	16	10	-1	0.9	1.0	-1.0	1	0B
497	17	10	-1	1.5	1.0	-1.0	1	0B
498	18	10	-1	1.5	1.0	-1.0	-1	0B
499	19	10	-1	-0.9	1.0	-1.0	-1	0B
500	20	10	-1	0.9	1.0	-1.0	-1	0B
501	21	10	-1	-1.5	1.0	-1.0	-1	0B
502	22	10	-1	-0.3	1.0	-1.0	-1	0B
503	23	10	-1	0.3	1.0	-1.0	-1	0B
504	24	10	1	0.9	1.0	-1.0	-1	0B
505	25	10	1	-0.9	1.0	-1.0	-1	0B
506	26	10	1	-1.5	1.0	-1.0	-1	0B
507	27	10	1	0.3	1.0	-1.0	-1	0B
508	28	10	1	-0.3	1.0	-1.0	-1	0B
509	29	10	1	1.5	1.0	-1.0	-1	0B
510	30	10	1	-1.5	1.0	-1.0	1	0B
511	31	10	1	-0.9	1.0	-1.0	1	0B
512	32	10	1	0.3	1.0	-1.0	1	0B
513	33	10	1	1.5	1.0	-1.0	1	0B
514	34	10	1	0.9	1.0	-1.0	1	0B
515	35	10	1	-0.3	1.0	-1.0	1	0B
516	36	10	1	-1.5	1.0	-1.0	1	0B
517	37	10	1	0.3	1.0	-1.0	1	0B
518	38	10	1	0.9	1.0	-1.0	1	0B
519	39	10	1	-0.3	1.0	-1.0	1	0B
520	40	10	1	-0.9	1.0	-1.0	1	0B
521	41	10	1	1.5	1.0	-1.0	1	0B
522	42	10	1	0.9	1.0	-1.0	-1	0B
523	43	10	1	-0.3	1.0	-1.0	-1	0B
524	44	10	1	-1.5	1.0	-1.0	-1	0B
525	45	10	1	0.3	1.0	-1.0	-1	0B
526	46	10	1	1.5	1.0	-1.0	-1	0B
527	47	10	1	-0.9	1.0	-1.0	-1	0B
528	0	11	1	0.3	1.0	1.0	-1	0B
529	1	11	1	-0.3	1.0	1.0	-1	0B
530	2	11	1	-0.9	1.0	1.0	-1	0B
531	3	11	1	-1.5	1.0	1.0	-1	0B
532	4	11	1	1.5	1.0	1.0	-1	0B
533	5	11	1	0.9	1.0	1.0	-1	0B
534	6	11	1	0.9	1.0	1.0	1	0B
535	7	11	1	-0.3	1.0	1.0	1	0B
536	8	11	1	0.3	1.0	1.0	1	0B
537	9	11	1	1.5	1.0	1.0	1	0B
538	10	11	1	-1.5	1.0	1.0	1	0B
539	11	11	1	-0.9	1.0	1.0	1	0B
540	12	11	1	0.9	1.0	1.0	1	0B
541	13	11	1	0.3	1.0	1.0	1	0B
542	14	11	1	-1.5	1.0	1.0	1	0B
543	15	11	1	-0.3	1.0	1.0	1	0B
544	16	11	1	1.5	1.0	1.0	1	0B
545	17	11	1	-0.9	1.0	1.0	1	0B
546	18	11	1	-0.9	1.0	1.0	-1	0B
547	19	11	1	1.5	1.0	1.0	-1	0B
548	20	11	1	-1.5	1.0	1.0	-1	0B
549	21	11	1	-0.3	1.0	1.0	-1	0B
550	22	11	1	0.9	1.0	1.0	-1	0B
551	23	11	1	0.3	1.0	1.0	-1	0B
552	24	11	-1	0.9	1.0	1.0	-1	0B
553	25	11	-1	1.5	1.0	1.0	-1	0B
554	26	11	-1	0.3	1.0	1.0	-1	0B
555	27	11	-1	-0.3	1.0	1.0	-1	0B
556	28	11	-1	-0.9	1.0	1.0	-1	0B
557	29	11	-1	-1.5	1.0	1.0	-1	0B
558	30	11	-1	0.9	1.0	1.0	-1	0B
559	31	11	-1	-0.3	1.0	1.0	-1	0B
560	32	11	-1	0.3	1.0	1.0	-1	0B
561	33	11	-1	-1.5	1.0	1.0	-1	0B
562	34	11	-1	-0.9	1.0	1.0	-1	0B
563	35	11	-1	1.5	1.0	1.0	-1	0B
564	36	11	-1	0.9	1.0	1.0	1	0B
565	37	11	-1	1.5	1.0	1.0	1	0B
566	38	11	-1	-0.9	1.0	1.0	1	0B
567	39	11	-1	-0.3	1.0	1.0	1	0B
568	40	11	-1	0.3	1.0	1.0	1	0B
569	41	11	-1	-1.5	1.0	1.0	1	0B
570	42	11	-1	0.9	1.0	1.0	1	0B
571	43	11	-1	-1.5	1.0	1.0	1	0B
572	44	11	-1	1.5	1.0	1.0	1	0B
573	45	11	-1	-0.3	1.0	1.0	1	0B
574	46	11	-1	0.3	1.0	1.0	1	0B
575	47	11	-1	-0.9	1.0	1.0	1	0B
576	0	12	-1	0.3	-1.0	-1.0	-1	1B
577	1	12	-1	-0.9	-1.0	-1.0	-1	1B
578	2	12	-1	-0.3	-1.0	-1.0	-1	1B
579	3	12	-1	0.9	-1.0	-1.0	-1	1B
580	4	12	-1	1.5	-1.0	-1.0	-1	1B
581	5	12	-1	-1.5	-1.0	-1.0	-1	1B
582	6	12	-1	-0.9	-1.0	-1.0	1	1B
583	7	12	-1	0.9	-1.0	-1.0	1	1B
584	8	12	-1	-1.5	-1.0	-1.0	1	1B
585	9	12	-1	-0.3	-1.0	-1.0	1	1B
586	10	12	-1	0.3	-1.0	-1.0	1	1B
587	11	12	-1	1.5	-1.0	-1.0	1	1B
588	12	12	-1	1.5	-1.0	-1.0	-1	1B
589	13	12	-1	-0.3	-1.0	-1.0	-1	1B
590	14	12	-1	0.3	-1.0	-1.0	-1	1B
591	15	12	-1	0.9	-1.0	-1.0	-1	1B
592	16	12	-1	-1.5	-1.0	-1.0	-1	1B
593	17	12	-1	-0.9	-1.0	-1.0	-1	1B
594	18	12	-1	-0.9	-1.0	-1.0	1	1B
595	19	12	-1	-0.3	-1.0	-1.0	1	1B
596	20	12	-1	-1.5	-1.0	-1.0	1	1B
597	21	12	-1	0.3	-1.0	-1.0	1	1B
598	22	12	-1	0.9	-1.0	-1.0	1	1B
599	23	12	-1	1.5	-1.0	-1.0	1	1B
600	24	12	1	0.9	-1.0	-1.0	1	1B
601	25	12	1	1.5	-1.0	-1.0	1	1B
602	26	12	1	0.3	-1.0	-1.0	1	1B
603	27	12	1	-0.3	-1.0	-1.0	1	1B
604	28	12	1	-0.9	-1.0	-1.0	1	1B
605	29	12	1	-1.5	-1.0	-1.0	1	1B
606	30	12	1	0.3	-1.0	-1.0	1	1B
607	31	12	1	-0.3	-1.0	-1.0	1	1B
608	32	12	1	-1.5	-1.0	-1.0	1	1B
609	33	12	1	1.5	-1.0	-1.0	1	1B
610	34	12	1	-0.9	-1.0	-1.0	1	1B
611	35	12	1	0.9	-1.0	-1.0	1	1B
612	36	12	1	-0.9	-1.0	-1.0	-1	1B
613	37	12	1	0.9	-1.0	-1.0	-1	1B
614	38	12	1	-0.3	-1.0	-1.0	-1	1B
615	39	12	1	-1.5	-1.0	-1.0	-1	1B
616	40	12	1	1.5	-1.0	-1.0	-1	1B
617	41	12	1	0.3	-1.0	-1.0	-1	1B
618	42	12	1	-0.9	-1.0	-1.0	-1	1B
619	43	12	1	-1.5	-1.0	-1.0	-1	1B
620	44	12	1	-0.3	-1.0	-1.0	-1	1B
621	45	12	1	0.9	-1.0	-1.0	-1	1B
622	46	12	1	0.3	-1.0	-1.0	-1	1B
623	47	12	1	1.5	-1.0	-1.0	-1	1B
624	0	13	1	0.3	-1.0	1.0	1	1B
625	1	13	1	-0.9	-1.0	1.0	1	1B
626	2	13	1	-0.3	-1.0	1.0	1	1B
627	3	13	1	-1.5	-1.0	1.0	1	1B
628	4	13	1	1.5	-1.0	1.0	1	1B
629	5	13	1	0.9	-1.0	1.0	1	1B
630	6	13	1	-1.5	-1.0	1.0	-1	1B
631	7	13	1	0.9	-1.0	1.0	-1	1B
632	8	13	1	1.5	-1.0	1.0	-1	1B
633	9	13	1	0.3	-1.0	1.0	-1	1B
634	10	13	1	-0.3	-1.0	1.0	-1	1B
635	11	13	1	-0.9	-1.0	1.0	-1	1B
636	12	13	1	-1.5	-1.0	1.0	1	1B
637	13	13	1	0.9	-1.0	1.0	1	1B
638	14	13	1	1.5	-1.0	1.0	1	1B
639	15	13	1	-0.3	-1.0	1.0	1	1B
640	16	13	1	-0.9	-1.0	1.0	1	1B
641	17	13	1	0.3	-1.0	1.0	1	1B
642	18	13	1	0.9	-1.0	1.0	-1	1B
643	19	13	1	-1.5	-1.0	1.0	-1	1B
644	20	13	1	-0.3	-1.0	1.0	-1	1B
645	21	13	1	0.3	-1.0	1.0	-1	1B
646	22	13	1	1.5	-1.0	1.0	-1	1B
647	23	13	1	-0.9	-1.0	1.0	-1	1B
648	24	13	-1	-0.3	-1.0	1.0	1	1B
649	25	13	-1	-0.9	-1.0	1.0	1	1B
650	26	13	-1	0.9	-1.0	1.0	1	1B
651	27	13	-1	1.5	-1.0	1.0	1	1B
652	28	13	-1	-1.5	-1.0	1.0	1	1B
653	29	13	-1	0.3	-1.0	1.0	1	1B
654	30	13	-1	-0.9	-1.0	1.0	-1	1B
655	31	13	-1	-1.5	-1.0	1.0	-1	1B
656	32	13	-1	0.9	-1.0	1.0	-1	1B
657	33	13	-1	-0.3	-1.0	1.0	-1	1B
658	34	13	-1	1.5	-1.0	1.0	-1	1B
659	35	13	-1	0.3	-1.0	1.0	-1	1B
660	36	13	-1	1.5	-1.0	1.0	-1	1B
661	37	13	-1	-1.5	-1.0	1.0	-1	1B
662	38	13	-1	0.9	-1.0	1.0	-1	1B
663	39	13	-1	0.3	-1.0	1.0	-1	1B
664	40	13	-1	-0.9	-1.0	1.0	-1	1B
665	41	13	-1	-0.3	-1.0	1.0	-1	1B
666	42	13	-1	-0.3	-1.0	1.0	1	1B
667	43	13	-1	-0.9	-1.0	1.0	1	1B
668	44	13	-1	1.5	-1.0	1.0	1	1B
669	45	13	-1	-1.5	-1.0	1.0	1	1B
670	46	13	-1	0.9	-1.0	1.0	1	1B
671	47	13	-1	0.3	-1.0	1.0	1	1B
672	0	14	-1	0.3	1.0	-1.0	1	1B
673	1	14	-1	1.5	1.0	-1.0	1	1B
674	2	14	-1	-1.5	1.0	-1.0	1	1B
675	3	14	-1	-0.3	1.0	-1.0	1	1B
676	4	14	-1	-0.9	1.0	-1.0	1	1B
677	5	14	-1	0.9	1.0	-1.0	1	1B
678	6	14	-1	1.5	1.0	-1.0	-1	1B
679	7	14	-1	0.3	1.0	-1.0	-1	1B
680	8	14	-1	-0.9	1.0	-1.0	-1	1B
681	9	14	-1	-1.5	1.0	-1.0	-1	1B
682	10	14	-1	0.9	1.0	-1.0	-1	1B
683	11	14	-1	-0.3	1.0	-1.0	-1	1B
684	12	14	-1	-1.5	1.0	-1.0	-1	1B
685	13	14	-1	0.9	1.0	-1.0	-1	1B
686	14	14	-1	0.3	1.0	-1.0	-1	1B
687	15	14	-1	-0.9	1.0	-1.0	-1	1B
688	16	14	-1	1.5	1.0	-1.0	-1	1B
689	17	14	-1	-0.3	1.0	-1.0	-1	1B
690	18	14	-1	0.9	1.0	-1.0	1	1B
691	19	14	-1	-0.9	1.0	-1.0	1	1B
692	20	14	-1	-1.5	1.0	-1.0	1	1B
693	21	14	-1	1.5	1.0	-1.0	1	1B
694	22	14	-1	0.3	1.0	-1.0	1	1B
695	23	14	-1	-0.3	1.0	-1.0	1	1B
696	24	14	1	1.5	1.0	-1.0	1	1B
697	25	14	1	-1.5	1.0	-1.0	1	1B
698	26	14	1	0.9	1.0	-1.0	1	1B
699	27	14	1	-0.3	1.0	-1.0	1	1B
700	28	14	1	0.3	1.0	-1.0	1	1B
701	29	14	1	-0.9	1.0	-1.0	1	1B
702	30	14	1	1.5	1.0	-1.0	-1	1B
703	31	14	1	0.3	1.0	-1.0	-1	1B
704	32	14	1	0.9	1.0	-1.0	-1	1B
705	33	14	1	-1.5	1.0	-1.0	-1	1B
706	34	14	1	-0.9	1.0	-1.0	-1	1B
707	35	14	1	-0.3	1.0	-1.0	-1	1B
708	36	14	1	0.3	1.0	-1.0	-1	1B
709	37	14	1	-1.5	1.0	-1.0	-1	1B
710	38	14	1	-0.3	1.0	-1.0	-1	1B
711	39	14	1	-0.9	1.0	-1.0	-1	1B
712	40	14	1	0.9	1.0	-1.0	-1	1B
713	41	14	1	1.5	1.0	-1.0	-1	1B
714	42	14	1	-1.5	1.0	-1.0	1	1B
715	43	14	1	-0.9	1.0	-1.0	1	1B
716	44	14	1	-0.3	1.0	-1.0	1	1B
717	45	14	1	0.9	1.0	-1.0	1	1B
718	46	14	1	1.5	1.0	-1.0	1	1B
719	47	14	1	0.3	1.0	-1.0	1	1B
720	0	15	1	0.3	1.0	1.0	-1	1B
721	1	15	1	0.9	1.0	1.0	-1	1B
722	2	15	1	-0.9	1.0	1.0	-1	1B
723	3	15	1	1.5	1.0	1.0	-1	1B
724	4	15	1	-0.3	1.0	1.0	-1	1B
725	5	15	1	-1.5	1.0	1.0	-1	1B
726	6	15	1	-1.5	1.0	1.0	-1	1B
727	7	15	1	0.3	1.0	1.0	-1	1B
728	8	15	1	1.5	1.0	1.0	-1	1B
729	9	15	1	-0.3	1.0	1.0	-1	1B
730	10	15	1	0.9	1.0	1.0	-1	1B
731	11	15	1	-0.9	1.0	1.0	-1	1B
732	12	15	1	-0.9	1.0	1.0	1	1B
733	13	15	1	0.3	1.0	1.0	1	1B
734	14	15	1	-0.3	1.0	1.0	1	1B
735	15	15	1	0.9	1.0	1.0	1	1B
736	16	15	1	-1.5	1.0	1.0	1	1B
737	17	15	1	1.5	1.0	1.0	1	1B
738	18	15	1	1.5	1.0	1.0	1	1B
739	19	15	1	-0.9	1.0	1.0	1	1B
740	20	15	1	-0.3	1.0	1.0	1	1B
741	21	15	1	0.3	1.0	1.0	1	1B
742	22	15	1	0.9	1.0	1.0	1	1B
743	23	15	1	-1.5	1.0	1.0	1	1B
744	24	15	-1	0.9	1.0	1.0	-1	1B
745	25	15	-1	-0.9	1.0	1.0	-1	1B
746	26	15	-1	0.3	1.0	1.0	-1	1B
747	27	15	-1	-0.3	1.0	1.0	-1	1B
748	28	15	-1	1.5	1.0	1.0	-1	1B
749	29	15	-1	-1.5	1.0	1.0	-1	1B
750	30	15	-1	-0.9	1.0	1.0	1	1B
751	31	15	-1	1.5	1.0	1.0	1	1B
752	32	15	-1	0.3	1.0	1.0	1	1B
753	33	15	-1	-0.3	1.0	1.0	1	1B
754	34	15	-1	0.9	1.0	1.0	1	1B
755	35	15	-1	-1.5	1.0	1.0	1	1B
756	36	15	-1	0.9	1.0	1.0	1	1B
757	37	15	-1	0.3	1.0	1.0	1	1B
758	38	15	-1	-0.3	1.0	1.0	1	1B
759	39	15	-1	1.5	1.0	1.0	1	1B
760	40	15	-1	-1.5	1.0	1.0	1	1B
761	41	15	-1	-0.9	1.0	1.0	1	1B
762	42	15	-1	0.3	1.0	1.0	-1	1B
763	43	15	-1	-0.9	1.0	1.0	-1	1B
764	44	15	-1	1.5	1.0	1.0	-1	1B
765	45	15	-1	0.9	1.0	1.0	-1	1B
766	46	15	-1	-0.3	1.0	1.0	-1	1B
767	47	15	-1	-1.5	1.0	1.0	-1	1B
768	0	16	-1	0.3	1.0	1.0	1	2B
769	1	16	-1	-0.3	1.0	1.0	1	2B
770	2	16	-1	-0.9	1.0	1.0	1	2B
771	3	16	-1	-1.5	1.0	1.0	1	2B
772	4	16	-1	1.5	1.0	1.0	1	2B
773	5	16	-1	0.9	1.0	1.0	1	2B
774	6	16	-1	0.9	1.0	1.0	-1	2B
775	7	16	-1	0.3	1.0	1.0	-1	2B
776	8	16	-1	-1.5	1.0	1.0	-1	2B
777	9	16	-1	1.5	1.0	1.0	-1	2B
778	10	16	-1	-0.9	1.0	1.0	-1	2B
779	11	16	-1	-0.3	1.0	1.0	-1	2B
780	12	16	-1	-0.9	1.0	1.0	-1	2B
781	13	16	-1	0.3	1.0	1.0	-1	2B
782	14	16	-1	-1.5	1.0	1.0	-1	2B
783	15	16	-1	1.5	1.0	1.0	-1	2B
784	16	16	-1	0.9	1.0	1.0	-1	2B
785	17	16	-1	-0.3	1.0	1.0	-1	2B
786	18	16	-1	0.3	1.0	1.0	1	2B
787	19	16	-1	0.9	1.0	1.0	1	2B
788	20	16	-1	-0.9	1.0	1.0	1	2B
789	21	16	-1	1.5	1.0	1.0	1	2B
790	22	16	-1	-0.3	1.0	1.0	1	2B
791	23	16	-1	-1.5	1.0	1.0	1	2B
792	24	16	1	0.9	1.0	1.0	1	2B
793	25	16	1	1.5	1.0	1.0	1	2B
794	26	16	1	-0.9	1.0	1.0	1	2B
795	27	16	1	-1.5	1.0	1.0	1	2B
796	28	16	1	0.3	1.0	1.0	1	2B
797	29	16	1	-0.3	1.0	1.0	1	2B
798	30	16	1	-1.5	1.0	1.0	-1	2B
799	31	16	1	1.5	1.0	1.0	-1	2B
800	32	16	1	0.3	1.0	1.0	-1	2B
801	33	16	1	-0.9	1.0	1.0	-1	2B
802	34	16	1	-0.3	1.0	1.0	-1	2B
803	35	16	1	0.9	1.0	1.0	-1	2B
804	36	16	1	0.9	1.0	1.0	1	2B
805	37	16	1	-0.3	1.0	1.0	1	2B
806	38	16	1	-1.5	1.0	1.0	1	2B
807	39	16	1	1.5	1.0	1.0	1	2B
808	40	16	1	0.3	1.0	1.0	1	2B
809	41	16	1	-0.9	1.0	1.0	1	2B
810	42	16	1	1.5	1.0	1.0	-1	2B
811	43	16	1	-0.3	1.0	1.0	-1	2B
812	44	16	1	-1.5	1.0	1.0	-1	2B
813	45	16	1	0.9	1.0	1.0	-1	2B
814	46	16	1	0.3	1.0	1.0	-1	2B
815	47	16	1	-0.9	1.0	1.0	-1	2B
816	0	17	1	0.9	1.0	-1.0	-1	2B
817	1	17	1	-1.5	1.0	-1.0	-1	2B
818	2	17	1	0.3	1.0	-1.0	-1	2B
819	3	17	1	-0.3	1.0	-1.0	-1	2B
820	4	17	1	1.5	1.0	-1.0	-1	2B
821	5	17	1	-0.9	1.0	-1.0	-1	2B
822	6	17	1	-0.9	1.0	-1.0	-1	2B
823	7	17	1	0.3	1.0	-1.0	-1	2B
824	8	17	1	1.5	1.0	-1.0	-1	2B
825	9	17	1	0.9	1.0	-1.0	-1	2B
826	10	17	1	-0.3	1.0	-1.0	-1	2B
827	11	17	1	-1.5	1.0	-1.0	-1	2B
828	12	17	1	-1.5	1.0	-1.0	1	2B
829	13	17	1	-0.3	1.0	-1.0	1	2B
830	14	17	1	0.9	1.0	-1.0	1	2B
831	15	17	1	-0.9	1.0	-1.0	1	2B
832	16	17	1	0.3	1.0	-1.0	1	2B
833	17	17	1	1.5	1.0	-1.0	1	2B
834	18	17	1	-0.3	1.0	-1.0	1	2B
835	19	17	1	1.5	1.0	-1.0	1	2B
836	20	17	1	-1.5	1.0	-1.0	1	2B
837	21	17	1	0.9	1.0	-1.0	1	2B
838	22	17	1	0.3	1.0	-1.0	1	2B
839	23	17	1	-0.9	1.0	-1.0	1	2B
840	24	17	-1	1.5	1.0	-1.0	1	2B
841	25	17	-1	0.3	1.0	-1.0	1	2B
842	26	17	-1	-1.5	1.0	-1.0	1	2B
843	27	17	-1	0.9	1.0	-1.0	1	2B
844	28	17	-1	-0.3	1.0	-1.0	1	2B
845	29	17	-1	-0.9	1.0	-1.0	1	2B
846	30	17	-1	-0.9	1.0	-1.0	-1	2B
847	31	17	-1	0.9	1.0	-1.0	-1	2B
848	32	17	-1	1.5	1.0	-1.0	-1	2B
849	33	17	-1	-1.5	1.0	-1.0	-1	2B
850	34	17	-1	0.3	1.0	-1.0	-1	2B
851	35	17	-1	-0.3	1.0	-1.0	-1	2B
852	36	17	-1	-0.3	1.0	-1.0	1	2B
853	37	17	-1	-1.5	1.0	-1.0	1	2B
854	38	17	-1	0.3	1.0	-1.0	1	2B
855	39	17	-1	1.5	1.0	-1.0	1	2B
856	40	17	-1	-0.9	1.0	-1.0	1	2B
857	41	17	-1	0.9	1.0	-1.0	1	2B
858	42	17	-1	0.9	1.0	-1.0	-1	2B
859	43	17	-1	-0.9	1.0	-1.0	-1	2B
860	44	17	-1	-0.3	1.0	-1.0	-1	2B
861	45	17	-1	0.3	1.0	-1.0	-1	2B
862	46	17	-1	-1.5	1.0	-1.0	-1	2B
863	47	17	-1	1.5	1.0	-1.0	-1	2B
864	0	18	-1	-0.3	-1.0	-1.0	1	2B
865	1	18	-1	-0.9	-1.0	-1.0	1	2B
866	2	18	-1	-1.5	-1.0	-1.0	1	2B
867	3	18	-1	1.5	-1.0	-1.0	1	2B
868	4	18	-1	0.3	-1.0	-1.0	1	2B
869	5	18	-1	0.9	-1.0	-1.0	1	2B
870	6	18	-1	1.5	-1.0	-1.0	1	2B
871	7	18	-1	-0.3	-1.0	-1.0	1	2B
872	8	18	-1	-0.9	-1.0	-1.0	1	2B
873	9	18	-1	0.9	-1.0	-1.0	1	2B
874	10	18	-1	-1.5	-1.0	-1.0	1	2B
875	11	18	-1	0.3	-1.0	-1.0	1	2B
876	12	18	-1	1.5	-1.0	-1.0	-1	2B
877	13	18	-1	-1.5	-1.0	-1.0	-1	2B
878	14	18	-1	-0.9	-1.0	-1.0	-1	2B
879	15	18	-1	0.9	-1.0	-1.0	-1	2B
880	16	18	-1	-0.3	-1.0	-1.0	-1	2B
881	17	18	-1	0.3	-1.0	-1.0	-1	2B
882	18	18	-1	-0.9	-1.0	-1.0	-1	2B
883	19	18	-1	1.5	-1.0	-1.0	-1	2B
884	20	18	-1	-0.3	-1.0	-1.0	-1	2B
885	21	18	-1	0.9	-1.0	-1.0	-1	2B
886	22	18	-1	-1.5	-1.0	-1.0	-1	2B
887	23	18	-1	0.3	-1.0	-1.0	-1	2B
888	24	18	1	1.5	-1.0	-1.0	-1	2B
889	25	18	1	-0.3	-1.0	-1.0	-1	2B
890	26	18	1	-0.9	-1.0	-1.0	-1	2B
891	27	18	1	0.3	-1.0	-1.0	-1	2B
892	28	18	1	-1.5	-1.0	-1.0	-1	2B
893	29	18	1	0.9	-1.0	-1.0	-1	2B
894	30	18	1	1.5	-1.0	-1.0	-1	2B
895	31	18	1	-1.5	-1.0	-1.0	-1	2B
896	32	18	1	0.3	-1.0	-1.0	-1	2B
897	33	18	1	0.9	-1.0	-1.0	-1	2B
898	34	18	1	-0.3	-1.0	-1.0	-1	2B
899	35	18	1	-0.9	-1.0	-1.0	-1	2B
900	36	18	1	-1.5	-1.0	-1.0	1	2B
901	37	18	1	1.5	-1.0	-1.0	1	2B
902	38	18	1	-0.9	-1.0	-1.0	1	2B
903	39	18	1	0.3	-1.0	-1.0	1	2B
904	40	18	1	-0.3	-1.0	-1.0	1	2B
905	41	18	1	0.9	-1.0	-1.0	1	2B
906	42	18	1	-1.5	-1.0	-1.0	1	2B
907	43	18	1	-0.3	-1.0	-1.0	1	2B
908	44	18	1	0.3	-1.0	-1.0	1	2B
909	45	18	1	0.9	-1.0	-1.0	1	2B
910	46	18	1	1.5	-1.0	-1.0	1	2B
911	47	18	1	-0.9	-1.0	-1.0	1	2B
912	0	19	1	1.5	-1.0	1.0	-1	2B
913	1	19	1	-0.3	-1.0	1.0	-1	2B
914	2	19	1	0.9	-1.0	1.0	-1	2B
915	3	19	1	-0.9	-1.0	1.0	-1	2B
916	4	19	1	-1.5	-1.0	1.0	-1	2B
917	5	19	1	0.3	-1.0	1.0	-1	2B
918	6	19	1	-0.9	-1.0	1.0	-1	2B
919	7	19	1	-1.5	-1.0	1.0	-1	2B
920	8	19	1	0.9	-1.0	1.0	-1	2B
921	9	19	1	-0.3	-1.0	1.0	-1	2B
922	10	19	1	1.5	-1.0	1.0	-1	2B
923	11	19	1	0.3	-1.0	1.0	-1	2B
924	12	19	1	0.3	-1.0	1.0	1	2B
925	13	19	1	0.9	-1.0	1.0	1	2B
926	14	19	1	-0.3	-1.0	1.0	1	2B
927	15	19	1	-1.5	-1.0	1.0	1	2B
928	16	19	1	1.5	-1.0	1.0	1	2B
929	17	19	1	-0.9	-1.0	1.0	1	2B
930	18	19	1	-1.5	-1.0	1.0	1	2B
931	19	19	1	-0.9	-1.0	1.0	1	2B
932	20	19	1	-0.3	-1.0	1.0	1	2B
933	21	19	1	1.5	-1.0	1.0	1	2B
934	22	19	1	0.9	-1.0	1.0	1	2B
935	23	19	1	0.3	-1.0	1.0	1	2B
936	24	19	-1	-0.3	-1.0	1.0	-1	2B
937	25	19	-1	-0.9	-1.0	1.0	-1	2B
938	26	19	-1	-1.5	-1.0	1.0	-1	2B
939	27	19	-1	0.9	-1.0	1.0	-1	2B
940	28	19	-1	1.5	-1.0	1.0	-1	2B
941	29	19	-1	0.3	-1.0	1.0	-1	2B
942	30	19	-1	1.5	-1.0	1.0	-1	2B
943	31	19	-1	-0.9	-1.0	1.0	-1	2B
944	32	19	-1	0.3	-1.0	1.0	-1	2B
945	33	19	-1	0.9	-1.0	1.0	-1	2B
946	34	19	-1	-1.5	-1.0	1.0	-1	2B
947	35	19	-1	-0.3	-1.0	1.0	-1	2B
948	36	19	-1	0.3	-1.0	1.0	1	2B
949	37	19	-1	0.9	-1.0	1.0	1	2B
950	38	19	-1	1.5	-1.0	1.0	1	2B
951	39	19	-1	-1.5	-1.0	1.0	1	2B
952	40	19	-1	-0.9	-1.0	1.0	1	2B
953	41	19	-1	-0.3	-1.0	1.0	1	2B
954	42	19	-1	-0.3	-1.0	1.0	1	2B
955	43	19	-1	-1.5	-1.0	1.0	1	2B
956	44	19	-1	-0.9	-1.0	1.0	1	2B
957	45	19	-1	1.5	-1.0	1.0	1	2B
958	46	19	-1	0.9	-1.0	1.0	1	2B
959	47	19	-1	0.3	-1.0	1.0	1	2B
960	0	20	-1	1.5	1.0	-1.0	1	0B
961	1	20	-1	0.9	1.0	-1.0	1	0B
962	2	20	-1	-0.3	1.0	-1.0	1	0B
963	3	20	-1	0.3	1.0	-1.0	1	0B
964	4	20	-1	-1.5	1.0	-1.0	1	0B
965	5	20	-1	-0.9	1.0	-1.0	1	0B
966	6	20	-1	0.9	1.0	-1.0	-1	0B
967	7	20	-1	-1.5	1.0	-1.0	-1	0B
968	8	20	-1	-0.9	1.0	-1.0	-1	0B
969	9	20	-1	1.5	1.0	-1.0	-1	0B
970	10	20	-1	0.3	1.0	-1.0	-1	0B
971	11	20	-1	-0.3	1.0	-1.0	-1	0B
972	12	20	-1	-0.3	1.0	-1.0	1	0B
973	13	20	-1	-1.5	1.0	-1.0	1	0B
974	14	20	-1	0.9	1.0	-1.0	1	0B
975	15	20	-1	-0.9	1.0	-1.0	1	0B
976	16	20	-1	1.5	1.0	-1.0	1	0B
977	17	20	-1	0.3	1.0	-1.0	1	0B
978	18	20	-1	0.9	1.0	-1.0	-1	0B
979	19	20	-1	1.5	1.0	-1.0	-1	0B
980	20	20	-1	-1.5	1.0	-1.0	-1	0B
981	21	20	-1	-0.3	1.0	-1.0	-1	0B
982	22	20	-1	-0.9	1.0	-1.0	-1	0B
983	23	20	-1	0.3	1.0	-1.0	-1	0B
984	24	20	1	1.5	1.0	-1.0	1	0B
985	25	20	1	-1.5	1.0	-1.0	1	0B
986	26	20	1	-0.9	1.0	-1.0	1	0B
987	27	20	1	0.3	1.0	-1.0	1	0B
988	28	20	1	-0.3	1.0	-1.0	1	0B
989	29	20	1	0.9	1.0	-1.0	1	0B
990	30	20	1	-0.9	1.0	-1.0	-1	0B
991	31	20	1	1.5	1.0	-1.0	-1	0B
992	32	20	1	0.3	1.0	-1.0	-1	0B
993	33	20	1	0.9	1.0	-1.0	-1	0B
994	34	20	1	-0.3	1.0	-1.0	-1	0B
995	35	20	1	-1.5	1.0	-1.0	-1	0B
996	36	20	1	1.5	1.0	-1.0	1	0B
997	37	20	1	0.3	1.0	-1.0	1	0B
998	38	20	1	-0.3	1.0	-1.0	1	0B
999	39	20	1	0.9	1.0	-1.0	1	0B
1000	40	20	1	-1.5	1.0	-1.0	1	0B
1001	41	20	1	-0.9	1.0	-1.0	1	0B
1002	42	20	1	-1.5	1.0	-1.0	-1	0B
1003	43	20	1	0.3	1.0	-1.0	-1	0B
1004	44	20	1	0.9	1.0	-1.0	-1	0B
1005	45	20	1	-0.9	1.0	-1.0	-1	0B
1006	46	20	1	1.5	1.0	-1.0	-1	0B
1007	47	20	1	-0.3	1.0	-1.0	-1	0B
1008	0	21	1	-0.9	-1.0	1.0	1	0B
1009	1	21	1	-1.5	-1.0	1.0	1	0B
1010	2	21	1	0.9	-1.0	1.0	1	0B
1011	3	21	1	-0.3	-1.0	1.0	1	0B
1012	4	21	1	0.3	-1.0	1.0	1	0B
1013	5	21	1	1.5	-1.0	1.0	1	0B
1014	6	21	1	-1.5	-1.0	1.0	1	0B
1015	7	21	1	1.5	-1.0	1.0	1	0B
1016	8	21	1	-0.3	-1.0	1.0	1	0B
1017	9	21	1	-0.9	-1.0	1.0	1	0B
1018	10	21	1	0.9	-1.0	1.0	1	0B
1019	11	21	1	0.3	-1.0	1.0	1	0B
1020	12	21	1	0.3	-1.0	1.0	-1	0B
1021	13	21	1	-0.3	-1.0	1.0	-1	0B
1022	14	21	1	0.9	-1.0	1.0	-1	0B
1023	15	21	1	1.5	-1.0	1.0	-1	0B
1024	16	21	1	-0.9	-1.0	1.0	-1	0B
1025	17	21	1	-1.5	-1.0	1.0	-1	0B
1026	18	21	1	-1.5	-1.0	1.0	-1	0B
1027	19	21	1	0.3	-1.0	1.0	-1	0B
1028	20	21	1	0.9	-1.0	1.0	-1	0B
1029	21	21	1	-0.9	-1.0	1.0	-1	0B
1030	22	21	1	-0.3	-1.0	1.0	-1	0B
1031	23	21	1	1.5	-1.0	1.0	-1	0B
1032	24	21	-1	-0.3	-1.0	1.0	1	0B
1033	25	21	-1	0.3	-1.0	1.0	1	0B
1034	26	21	-1	-0.9	-1.0	1.0	1	0B
1035	27	21	-1	1.5	-1.0	1.0	1	0B
1036	28	21	-1	-1.5	-1.0	1.0	1	0B
1037	29	21	-1	0.9	-1.0	1.0	1	0B
1038	30	21	-1	0.3	-1.0	1.0	-1	0B
1039	31	21	-1	-1.5	-1.0	1.0	-1	0B
1040	32	21	-1	-0.9	-1.0	1.0	-1	0B
1041	33	21	-1	-0.3	-1.0	1.0	-1	0B
1042	34	21	-1	0.9	-1.0	1.0	-1	0B
1043	35	21	-1	1.5	-1.0	1.0	-1	0B
1044	36	21	-1	-0.3	-1.0	1.0	-1	0B
1045	37	21	-1	0.3	-1.0	1.0	-1	0B
1046	38	21	-1	0.9	-1.0	1.0	-1	0B
1047	39	21	-1	-0.9	-1.0	1.0	-1	0B
1048	40	21	-1	-1.5	-1.0	1.0	-1	0B
1049	41	21	-1	1.5	-1.0	1.0	-1	0B
1050	42	21	-1	-1.5	-1.0	1.0	1	0B
1051	43	21	-1	0.9	-1.0	1.0	1	0B
1052	44	21	-1	-0.3	-1.0	1.0	1	0B
1053	45	21	-1	-0.9	-1.0	1.0	1	0B
1054	46	21	-1	1.5	-1.0	1.0	1	0B
1055	47	21	-1	0.3	-1.0	1.0	1	0B
1056	0	22	-1	-0.9	-1.0	-1.0	1	0B
1057	1	22	-1	0.3	-1.0	-1.0	1	0B
1058	2	22	-1	0.9	-1.0	-1.0	1	0B
1059	3	22	-1	-0.3	-1.0	-1.0	1	0B
1060	4	22	-1	1.5	-1.0	-1.0	1	0B
1061	5	22	-1	-1.5	-1.0	-1.0	1	0B
1062	6	22	-1	0.9	-1.0	-1.0	-1	0B
1063	7	22	-1	0.3	-1.0	-1.0	-1	0B
1064	8	22	-1	-0.3	-1.0	-1.0	-1	0B
1065	9	22	-1	-0.9	-1.0	-1.0	-1	0B
1066	10	22	-1	-1.5	-1.0	-1.0	-1	0B
1067	11	22	-1	1.5	-1.0	-1.0	-1	0B
1068	12	22	-1	0.9	-1.0	-1.0	1	0B
1069	13	22	-1	0.3	-1.0	-1.0	1	0B
1070	14	22	-1	-0.9	-1.0	-1.0	1	0B
1071	15	22	-1	1.5	-1.0	-1.0	1	0B
1072	16	22	-1	-1.5	-1.0	-1.0	1	0B
1073	17	22	-1	-0.3	-1.0	-1.0	1	0B
1074	18	22	-1	0.9	-1.0	-1.0	-1	0B
1075	19	22	-1	-1.5	-1.0	-1.0	-1	0B
1076	20	22	-1	0.3	-1.0	-1.0	-1	0B
1077	21	22	-1	1.5	-1.0	-1.0	-1	0B
1078	22	22	-1	-0.3	-1.0	-1.0	-1	0B
1079	23	22	-1	-0.9	-1.0	-1.0	-1	0B
1080	24	22	1	1.5	-1.0	-1.0	-1	0B
1081	25	22	1	-0.3	-1.0	-1.0	-1	0B
1082	26	22	1	0.3	-1.0	-1.0	-1	0B
1083	27	22	1	0.9	-1.0	-1.0	-1	0B
1084	28	22	1	-0.9	-1.0	-1.0	-1	0B
1085	29	22	1	-1.5	-1.0	-1.0	-1	0B
1086	30	22	1	-1.5	-1.0	-1.0	1	0B
1087	31	22	1	-0.3	-1.0	-1.0	1	0B
1088	32	22	1	0.9	-1.0	-1.0	1	0B
1089	33	22	1	1.5	-1.0	-1.0	1	0B
1090	34	22	1	-0.9	-1.0	-1.0	1	0B
1091	35	22	1	0.3	-1.0	-1.0	1	0B
1092	36	22	1	0.3	-1.0	-1.0	-1	0B
1093	37	22	1	-0.9	-1.0	-1.0	-1	0B
1094	38	22	1	0.9	-1.0	-1.0	-1	0B
1095	39	22	1	1.5	-1.0	-1.0	-1	0B
1096	40	22	1	-1.5	-1.0	-1.0	-1	0B
1097	41	22	1	-0.3	-1.0	-1.0	-1	0B
1098	42	22	1	-0.9	-1.0	-1.0	1	0B
1099	43	22	1	-1.5	-1.0	-1.0	1	0B
1100	44	22	1	0.3	-1.0	-1.0	1	0B
1101	45	22	1	0.9	-1.0	-1.0	1	0B
1102	46	22	1	-0.3	-1.0	-1.0	1	0B
1103	47	22	1	1.5	-1.0	-1.0	1	0B
1104	0	23	1	-1.5	1.0	1.0	1	0B
1105	1	23	1	-0.9	1.0	1.0	1	0B
1106	2	23	1	-0.3	1.0	1.0	1	0B
1107	3	23	1	0.3	1.0	1.0	1	0B
1108	4	23	1	0.9	1.0	1.0	1	0B
1109	5	23	1	1.5	1.0	1.0	1	0B
1110	6	23	1	-1.5	1.0	1.0	-1	0B
1111	7	23	1	0.3	1.0	1.0	-1	0B
1112	8	23	1	1.5	1.0	1.0	-1	0B
1113	9	23	1	-0.3	1.0	1.0	-1	0B
1114	10	23	1	-0.9	1.0	1.0	-1	0B
1115	11	23	1	0.9	1.0	1.0	-1	0B
1116	12	23	1	1.5	1.0	1.0	-1	0B
1117	13	23	1	0.3	1.0	1.0	-1	0B
1118	14	23	1	-0.9	1.0	1.0	-1	0B
1119	15	23	1	-1.5	1.0	1.0	-1	0B
1120	16	23	1	-0.3	1.0	1.0	-1	0B
1121	17	23	1	0.9	1.0	1.0	-1	0B
1122	18	23	1	1.5	1.0	1.0	1	0B
1123	19	23	1	-0.3	1.0	1.0	1	0B
1124	20	23	1	-1.5	1.0	1.0	1	0B
1125	21	23	1	0.9	1.0	1.0	1	0B
1126	22	23	1	-0.9	1.0	1.0	1	0B
1127	23	23	1	0.3	1.0	1.0	1	0B
1128	24	23	-1	1.5	1.0	1.0	-1	0B
1129	25	23	-1	-0.9	1.0	1.0	-1	0B
1130	26	23	-1	0.3	1.0	1.0	-1	0B
1131	27	23	-1	-0.3	1.0	1.0	-1	0B
1132	28	23	-1	-1.5	1.0	1.0	-1	0B
1133	29	23	-1	0.9	1.0	1.0	-1	0B
1134	30	23	-1	-0.3	1.0	1.0	-1	0B
1135	31	23	-1	-1.5	1.0	1.0	-1	0B
1136	32	23	-1	1.5	1.0	1.0	-1	0B
1137	33	23	-1	0.9	1.0	1.0	-1	0B
1138	34	23	-1	-0.9	1.0	1.0	-1	0B
1139	35	23	-1	0.3	1.0	1.0	-1	0B
1140	36	23	-1	0.9	1.0	1.0	1	0B
1141	37	23	-1	-0.9	1.0	1.0	1	0B
1142	38	23	-1	0.3	1.0	1.0	1	0B
1143	39	23	-1	-1.5	1.0	1.0	1	0B
1144	40	23	-1	1.5	1.0	1.0	1	0B
1145	41	23	-1	-0.3	1.0	1.0	1	0B
1146	42	23	-1	0.3	1.0	1.0	1	0B
1147	43	23	-1	1.5	1.0	1.0	1	0B
1148	44	23	-1	-1.5	1.0	1.0	1	0B
1149	45	23	-1	0.9	1.0	1.0	1	0B
1150	46	23	-1	-0.3	1.0	1.0	1	0B
1151	47	23	-1	-0.9	1.0	1.0	1	0B
